Iteration,MeanFit,BestFit
0,728456.1756900001,641910.7099999998
1,652589.01401,588811.92
2,605854.12282,535180.8300000001
3,552321.61271,498077.52
4,514548.9578000001,483023.73
5,493348.68452000007,461376.7299999999
6,473507.85207999987,442141.5
7,455861.94299999997,427209.23000000004
8,435076.0742999999,416968.64000000013
9,423626.62220000004,412831.3400000002
10,415263.3261000001,402597.38000000024
